date,planned_cost_yuan,settlement_cost_yuan,adjustment_fee_yuan,emergency_cost_yuan,total_cost_yuan,emergency_kwh,planned_grid_kwh,adjusted_grid_kwh,soc_min_kwh,soc_max_kwh
2025-02-01,20150.837040164733,20473.91904859384,323.0820084291081,1356.7584634861096,21830.67751207995,352.2590916666662,38397.85420946502,38911.04125600137,1200.0,10800.0
2025-02-02,52541.76110836201,52304.9186182946,-236.8424900674072,2175.9349801523385,54480.853598446934,570.4562715555566,84416.75479633058,82959.7170760631,1200.0,10800.0
2025-02-03,55090.37321366694,53754.7329080852,-1335.6403055817427,3235.339130715285,56990.072038800485,761.7103011111126,88036.56763333332,84104.6310894033,1200.0,10800.0
2025-02-04,56111.342638318296,54994.54453771752,-1116.7981006007758,2466.301980344763,57460.84651806228,586.5786917009628,89151.71804965705,86081.53032993826,1200.0,10800.0
2025-02-05,52833.72535383058,54066.561888194345,1232.8365343637633,1039.0089286115262,55105.57081680587,223.28965495404304,84569.22697115912,85651.70505709876,1200.0,10800.0
2025-02-06,56999.74218863352,54886.348141751296,-2113.3940468822257,2158.776739223823,57045.12488097512,547.7860606995854,90557.88835188614,84695.53439842934,1200.0,10800.0
2025-02-07,20675.005844678773,20173.43675579883,-501.5690888799436,765.0189752627782,20938.455731061607,156.10399666666666,39837.38350260631,38354.443864814806,1200.0,10800.0
2025-02-08,18027.72434858512,18613.897754397625,586.1734058125039,1787.2233972611148,20401.12115165874,427.6804916666679,35237.773882818925,35718.456591152266,1200.0,10800.0
2025-02-09,53700.592978839224,54024.408275832175,323.8152969929506,799.6559144418867,54824.06419027406,163.4548869999995,85874.71720219478,85416.62921625034,1200.0,10800.0
2025-02-10,50551.977280058774,49688.39383075344,-863.5834493053335,2576.0203852712743,52264.414216024714,767.6406023888882,81578.52897695472,78570.74042366254,1200.0,10800.0
2025-02-11,51751.28928318691,50189.3515855245,-1561.9376976624117,4290.920251333659,54480.271836858155,1133.2796369999983,82695.80703083333,78637.64953385323,1200.0,10800.0
2025-02-12,51525.59096401493,49987.61685884721,-1537.9741051677265,5839.470532006624,55827.087390853834,1470.2923419355266,82584.48192839505,78335.45535193998,1200.0,10800.0
2025-02-13,47393.183657311834,47362.05523917283,-31.128418139007408,3426.8482408891623,50788.90348006199,813.4537699722244,77360.94259591906,75601.98111018518,1200.0,10800.0
2025-02-14,18003.6830429886,18725.859642085263,722.1765990966633,741.8788768555553,19467.73851894082,150.74153333333328,35244.67491817558,35811.62667928669,1200.0,10800.0
2025-02-15,18352.95386505984,18725.780999661096,372.82713460125524,2309.189528247223,21034.970527908317,708.86355,35171.69457242798,35671.57764742798,1200.0,10800.0
2025-02-16,52129.28134940819,49831.626331305786,-2297.6550181024068,8903.153360012242,58734.77969131803,2435.7893488683117,83802.12322935526,77479.57400113168,1200.0,10800.0
2025-02-17,51319.28784292694,48468.76661551003,-2850.52122741691,3441.8833954796382,51910.650010989666,973.5961347736659,83354.07758333333,74823.51792139917,1200.0,10800.0
2025-02-18,46045.04005667888,47981.95809021511,1936.9180335362253,2384.7923502161934,50366.7504404313,612.9491730360064,74809.25866296295,77098.22930288065,1200.0,10800.0
2025-02-19,46602.880965192555,47666.31096040162,1063.429995209066,4692.476501273184,52358.7874616748,1235.606056611112,75620.02364135801,76496.37788391666,1200.0,10800.0
2025-02-20,47609.01137156022,46848.899103397154,-760.1122681630659,3511.3907892618995,50360.28989265906,834.2985293611102,77895.52935864197,74890.1187057596,1200.0,10800.0
2025-02-21,16987.11168989861,17215.325698024455,228.21400812584397,1666.0206708416636,18881.346368866118,363.0449416666661,33639.458075925926,33821.23513417593,1200.0,10800.0
2025-02-22,17388.10776898626,17453.716401807826,65.60863282156424,1793.7767036242485,19247.493105432073,429.32775305555424,33846.62475905349,33826.124359109046,1200.0,10800.0
2025-02-23,47403.425466963046,46747.37916355739,-656.0463034056593,3873.230042924907,50620.609206482295,1100.4670259166678,77480.2794805,74891.9288748244,1200.0,10800.0
2025-02-24,45667.76357146623,45875.35014546622,207.58657399998629,871.5277389325026,46746.877884398724,179.45812263374347,73712.80231882716,73938.97132486282,1200.0,10800.0
2025-02-25,47014.34786345553,44858.11539830003,-2156.2324651554954,2776.817004733435,47634.93240303347,699.0517644413615,76802.46051676954,70232.18979623869,1200.0,10800.0
2025-02-26,42324.395573561254,45021.73192205437,2697.336348493118,3696.4711668380896,48718.203088892464,942.2062140123464,69720.31324804526,72717.86425080245,1200.0,10800.0
2025-02-27,43333.81804775964,44174.51322448048,840.6951767208375,2872.4266630880484,47046.93988756853,638.8245066666651,70707.617939369,70987.99229711933,1200.0,10800.0
2025-02-28,16658.712310171843,16799.880870442634,141.1685602707912,2037.538526264238,18837.41939670687,511.8510926388909,32488.657334053496,32523.582724348424,1200.0,10800.0
2025-03-01,16844.583275739526,16814.442118705658,-30.141157033867785,953.1055209388916,17767.54763964455,193.00777777777824,32418.170634979422,32355.108771845,1200.0,10800.0
2025-03-02,47479.13214108067,48442.627545769705,963.4954046890343,610.2805764750008,49052.908122244706,122.29014166666681,77212.42980548696,77801.92987856653,1200.0,10800.0
2025-03-03,49046.895739293424,48306.66716089924,-740.2285783941843,4641.21646256733,52947.88362346657,1297.9094338477353,79824.10131851851,75378.52442403977,1200.0,10800.0
2025-03-04,43064.89798253434,44819.4745339481,1754.5765514137602,2937.7830767987516,47757.257610746856,869.1354427983496,70731.29802019888,72704.6443513395,1200.0,10800.0
2025-03-05,45273.064906338885,43637.65508865117,-1635.409817687716,4495.7471702537205,48133.40225890489,1252.5316455761365,74401.22531566667,69408.06592788066,1200.0,10800.0
2025-03-06,41964.839566259034,42425.032416620576,460.1928503615418,3055.1138491183797,45480.14626573896,867.5550509999975,69327.40993117284,69568.93278036316,1200.0,10800.0
2025-03-07,16370.66154540611,16234.734644250271,-135.926901155839,2742.917613489369,18977.65225773964,973.2779261659739,31226.173049999998,30933.44428216735,1200.0,10800.0
2025-03-08,15663.024549578333,15838.029742188795,175.00519261046247,1248.4953547541636,17086.525096942958,297.9225749999991,30550.38333333333,30803.449032235938,1200.0,10800.0
2025-03-09,44426.16731473616,42595.785722004315,-1830.3815927318428,2291.349712096051,44887.13543410037,696.6472923333324,73419.35159357166,67110.92841820986,1200.0,10800.0
2025-03-10,42322.18163950324,43639.058298503136,1316.8766589998995,2483.6747157981026,46122.73301430124,558.915925667008,70669.22986820986,71733.83018163752,1200.0,10800.0
2025-03-11,37434.870135567224,42146.7391928689,4711.869057301679,3719.726006706875,45866.46519957578,1015.4354632664563,61491.453944444445,67513.3601270919,1200.0,10800.0
2025-03-12,43385.32184872078,41726.521708661545,-1658.800140059233,1679.7083955398525,43406.2301042014,512.5435412894328,71711.61390758332,66093.24443847736,1200.0,10800.0
2025-03-13,43619.08975142,44270.72760875126,651.6378573312613,1263.825768514754,45534.55337726601,303.28218126818,72062.23493333333,72240.20004413922,1200.0,10800.0
2025-03-14,15063.48007165861,15503.39943881111,439.91936715249904,463.80537500000077,15967.20481381111,92.28970000000017,29593.985338888888,29921.577088888887,1200.0,10800.0
2025-03-15,15322.964399136392,15935.729335548058,612.764936411666,549.9043822083308,16485.633717756387,131.12751666666594,30146.428183333333,30603.89825,1200.0,10800.0
2025-03-16,41599.65435172268,42002.23413457548,402.57978285280115,523.3774894444452,42525.611624019926,105.21026666666683,68762.70772314814,68747.84525445815,1200.0,10800.0
2025-03-17,38087.82837007099,38530.410121617606,442.58175154661876,3282.8905027180654,41813.30062433567,1262.6163893045245,64171.01908786007,60900.25279495884,1200.0,10800.0
2025-03-18,43804.24294918056,41589.5395247932,-2214.703424387357,1743.8178929216933,43333.3574177149,388.3260623055553,72433.40622355966,65627.61927081618,1200.0,10800.0
2025-03-19,35708.50111563099,39530.37667983615,3821.8755642051547,3799.5942954213915,43329.970975257536,1384.2000905555558,58836.27842482853,63481.82818525378,1200.0,10800.0
2025-03-20,40996.58553877924,40166.32643214783,-830.2591066314126,7631.045695690184,47797.37212783801,2536.152556518524,67748.65707790191,63896.73343683127,1200.0,10800.0
2025-03-21,14801.653355524999,14913.236577295,111.58322177000082,894.4924035887246,15807.728980883725,207.47847394444503,29174.07535833333,29137.79138055555,1200.0,10800.0
2025-03-22,15131.19831616583,15186.384146790137,55.18583062430662,250.4163181314852,15436.800464921622,89.11173724279907,29682.097774999995,29771.5472127572,1200.0,10800.0
2025-03-23,41991.36294951856,40324.26152043186,-1667.1014290867024,597.7162365244998,40921.97775695636,122.02349700000008,69371.50491227709,64734.01107119341,1200.0,10800.0
2025-03-24,38789.97767545459,38730.03708387411,-59.94059158048185,1439.224014634727,40169.26109850883,350.5033083333336,65066.702620267475,62645.347144307256,1200.0,10800.0
2025-03-25,44135.69359565607,41407.57258530566,-2728.1210103504127,2675.18303369591,44082.75561900157,867.8963711525989,73161.61269283266,64220.99683816872,1200.0,10800.0
2025-03-26,37605.519918859325,37348.2224859923,-257.2974328670243,366.8857803784524,37715.10826637076,80.80527483333523,62223.50828048697,60263.683913923174,1200.0,10800.0
2025-03-27,39884.40219739599,38333.3407768104,-1551.061420585589,4491.596039442963,42824.936816253365,1399.5009596995874,66450.7058797325,61566.222710493836,1200.0,10800.0
2025-03-28,14530.75191920361,14493.113289437812,-37.638629765799124,366.8220342751862,14859.935323712998,98.30525683333758,29022.822927777775,28943.664671570637,1200.0,10800.0
2025-03-29,14007.845811330277,14595.779341159443,587.9335298291662,1213.9882956855072,15809.76763684495,290.293141277773,28249.42214722222,28682.269202777774,1200.0,10800.0
2025-03-30,38852.461652275306,36644.62422632973,-2207.837425945574,5433.7693592262585,42078.39358555599,1737.2610923868374,65619.0725951646,57776.82510833333,1200.0,10800.0
2025-03-31,33786.68048467751,36829.28362189256,3042.6031372150464,3180.8550805528484,40010.13870244541,942.2154017640469,55773.56602256515,60088.287594461246,1200.0,10800.0
2025-04-01,40910.39586239311,39804.73996939549,-1105.6558929976236,1178.9842046293024,40983.72417402479,283.48225191944687,69518.62128299038,65097.61741701989,1200.0,10800.0
2025-04-02,39209.20044186064,39203.312917606294,-5.887524254343589,1792.856788515288,40996.16970612158,403.13939166666773,65987.77713220163,65428.546242302815,1200.0,10800.0
2025-04-03,40376.344895126356,38476.995810936016,-1899.3490841903404,738.6509118666593,39215.646722802674,166.04988333333347,66864.35781687242,61092.2014973251,1200.0,10800.0
2025-04-04,13492.375911247222,13559.708331774305,67.33242052708374,815.8224713454274,14375.530803119733,227.1063151666691,27379.07573333333,27427.470499999996,1200.0,10787.863553858024
2025-04-05,13560.578333918605,13802.263024317943,241.68469039933734,1650.202858674669,15452.465882992612,414.6970639444451,27434.967808333327,27625.083536388884,1200.0,10800.0
2025-04-06,36633.41208222802,36940.88228307844,307.4702008504246,974.2524151736136,37915.134698252055,231.39364166666735,62601.74107890946,59074.52931718107,1200.0,10800.0
2025-04-07,32306.49888058166,34169.809805694174,1863.3109251125134,2697.5398652464255,36867.3496709406,789.7467308045242,54833.57886666666,56628.87574913374,1200.0,10800.0
2025-04-08,38366.16719939459,36948.71714475313,-1417.4500546414638,1458.8408151786798,38407.55795993181,349.9518689382699,64099.50034619341,58958.253666666664,1200.0,10800.0
2025-04-09,37122.65865026269,38098.08873711861,975.4300868559221,1496.952432474638,39595.04116959325,397.650091421811,62461.60290216049,63639.72951817559,1200.0,10800.0
2025-04-10,36658.858417391835,36414.904648441116,-243.95376895071968,2993.7244215500496,39408.62906999116,754.6170605624145,60652.462103532234,59276.67627688614,1200.0,10800.0
2025-04-11,12802.496496516667,13209.371116343747,406.8746198270801,2611.3167911909854,15820.687907534733,638.6609041666694,26449.897449999997,26768.840275,1200.0,10800.0
2025-04-12,13444.121797296943,13186.299985906804,-257.82181139013846,1532.153037404169,14718.453023310973,407.9842416666671,26950.195125,26378.68226666666,1200.0,10800.0
2025-04-13,34167.4052589738,34468.324848798744,300.91958982494543,3033.6788907686305,37502.00373956737,853.6193888391623,57677.98281615226,57504.961569687584,1200.0,10800.0
2025-04-14,37096.18017297401,34804.98821674867,-2291.191956225339,4949.413523191646,39754.40173994032,1464.133283333326,61970.048608436206,55221.91789722223,1200.0,10800.0
2025-04-15,31184.75867912464,32866.67481232219,1681.916133197552,3599.4000132521614,36466.07482557435,846.5841462620036,52262.10842331961,54016.70788158436,1200.0,10800.0
2025-04-16,34725.22587930111,35695.776725804135,970.5508465030216,2546.993912765434,38242.77063856957,805.8860826779858,59750.483034259254,59126.96195720165,1200.0,10800.0
2025-04-17,32245.118063932714,34841.58614648529,2596.4680825525793,2502.6153178067307,37344.201464292026,816.0308412218852,52974.92851265432,56393.04559787379,1200.0,10800.0
2025-04-18,12322.643237303055,12459.040954045558,136.3977167425037,1611.4246451926579,14070.465599238216,430.8276813333316,25679.128699999994,25777.873375,1200.0,10800.0
2025-04-19,12116.808268990277,12812.316872893609,695.5086039033322,1217.9499864921481,14030.266859385756,336.6089371666683,25682.483038888888,26161.543980555554,1200.0,10781.620139382714
2025-04-20,32027.960086468218,33454.76154505925,1426.8014585910314,1355.8465060194376,34810.608051078685,340.9458499999984,54255.331242318236,55793.61142482853,1200.0,10800.0
2025-04-21,34725.96126022669,33460.31310900765,-1265.648151219044,2173.110385713956,35633.4234947216,515.6229460000038,58943.46255051439,54533.629102777784,1200.0,10800.0
2025-04-22,31045.768180160103,33661.463909801045,2615.695729640942,2634.903762932198,36296.36767273324,879.5324578189279,52772.69721460904,55631.51657541152,1200.0,10800.0
2025-04-23,30053.82253424017,34133.72105295475,4079.898518714581,1919.403597232892,36053.124650187645,499.6338113645422,50624.20892897805,55577.91012064471,1200.0,10800.0
2025-04-24,30861.683479839525,33321.96594136537,2460.282461525847,1595.7184787296655,34917.684420095036,376.6554625171429,51685.38404427297,54410.331760939654,1200.0,10800.0
2025-04-25,12445.26292730611,12261.926723503057,-183.33620380305365,1813.396939620542,14075.3236631236,506.52806416666397,25439.579808333332,24968.16248055555,1200.0,10762.934347345677
2025-04-26,12234.005233921944,12516.383661905696,282.3784279837528,1407.7070309388816,13924.090692844578,412.16771666666546,25347.031299999995,25553.208338888886,1200.0,10783.29525
2025-04-27,30139.83289010427,33286.19523038839,3146.3623402841185,3291.432630158415,36577.6278605468,841.7503522722913,50318.797258058985,53484.633005920085,1200.0,10800.0
2025-04-28,35305.01169456376,36820.73259935343,1515.7209047896758,1638.50950522367,38459.242104577104,367.0822044999994,60542.85703148147,61340.46195404663,1200.0,10800.0
2025-04-29,30189.10943499569,31867.51202144476,1678.4025864490686,1936.4006630711692,33803.912684515926,462.9738404132332,50473.677366460906,51668.46684447874,1200.0,10800.0
2025-04-30,29613.98483837577,30421.639363822836,807.6545254470657,5835.105673710305,36256.74503753314,2145.865804732499,48786.280097119336,49387.67984238684,1200.0,10800.0
2025-05-01,33625.12067265946,36494.797435062166,2869.676762402705,1711.2272277248733,38206.02466278704,407.462912142659,53895.78526272291,56905.12773330624,1200.0,10800.0
2025-05-02,15455.613366804997,15336.17033030111,-119.4430365038861,1083.2398433099354,16419.410173611046,261.02075858333444,29374.91966666666,29152.481127777777,1200.0,10800.0
2025-05-03,14705.559249198888,14762.339572530555,56.780323331666295,1194.8962536577417,15957.235826188296,277.4954728333323,28391.17984722222,28431.38486388889,1200.0,10795.572037037036
2025-05-04,35301.68631124547,34510.491204886486,-791.1951063589804,3314.964931615278,37825.456136501765,787.745638888889,57924.74703069273,55484.16982222222,1200.0,10800.0
2025-05-05,36347.283911782215,36031.30964975471,-315.9742620275065,2593.0966547729486,38624.406304527656,754.4356217078208,59174.250199999995,58558.69865397805,1200.0,10800.0
2025-05-06,32413.26235216697,35346.274366143305,2933.012013976335,4065.361557727928,39411.63592387123,1038.1224736090585,52692.602052091905,55503.152861091905,1200.0,10800.0
2025-05-07,34527.051686489205,37449.749278563744,2922.697592074539,1530.7836025113154,38980.53288107506,343.0787398024674,55445.60312421125,59108.25469775034,1200.0,10800.0
2025-05-08,35678.18208377141,36235.29858947714,557.1165057057297,2581.685268510958,38816.983857988096,589.460121502058,59941.053506893,59357.51419691357,1200.0,10800.0
2025-05-09,13679.557370654446,14523.605282656941,844.0479120024957,1626.8884435377756,16150.493726194716,390.287408666666,26999.518858333333,27564.340608333332,1200.0,10800.0
2025-05-10,13801.725551430956,14556.159739841189,754.4341884102323,1156.1705157668293,15712.330255608018,279.17810299999894,27358.06597188889,27896.644891666663,1200.0,10795.503725308641
2025-05-11,34855.03037594482,35731.25548932125,876.2251133764294,3568.753301217437,39300.00879053869,1327.16615895062,58123.975517899176,57780.77675850274,1200.0,10800.0
2025-05-12,30810.688025883886,35710.901853022995,4900.213827139109,1796.2330946734837,37507.13494769648,397.87816985733895,50023.4665574074,55649.45035057406,1200.0,10800.0
2025-05-13,35267.56649943333,35613.47600702181,345.9095075884834,4073.934336701125,39687.410343722935,1475.9698239876586,59822.870333333325,56091.66830946501,1200.0,10800.0
2025-05-14,35027.32527015541,35500.42634075729,473.10107060187875,1973.60101577469,37474.02735653198,582.5084045521248,57328.76330929356,57054.18935291495,1200.0,10800.0
2025-05-15,34178.28182459716,35312.4549618345,1134.1731372373397,2212.6217416474346,37525.07670348193,658.6379401876061,54822.90570072016,55907.68669718792,1200.0,10800.0
2025-05-16,13870.329946053622,13754.291820232367,-116.03812582125465,1633.609793136744,15387.901613369111,404.0052060833353,26990.516419333333,26535.16286111111,1200.0,10800.0
2025-05-17,14042.350055538887,14119.475258443887,77.12520290499924,2365.222495957164,16484.69775440105,543.0193953888884,27382.860788888884,27342.87423333333,1200.0,10800.0
2025-05-18,35995.311411361705,35433.4286946003,-561.8827167614072,1258.8405649006913,36692.26925950099,300.4568326388877,61067.536018244165,58763.72426234568,1200.0,10800.0
2025-05-19,32356.55766908972,33268.55801287989,912.0003437901687,1619.1761935193035,34887.7342063992,360.7621381618667,53660.959271296306,54118.80630240741,1200.0,10800.0
2025-05-20,32653.161384171355,35897.92720903618,3244.765824864822,2270.8990825411106,38168.82629157729,525.0124965617268,53692.34654938271,57941.98311843141,1200.0,10800.0
2025-05-21,31079.576032346595,36002.41022623435,4922.834193887757,1707.1903614664316,37709.600587700785,404.4946912150222,49996.36245325788,55274.691393923866,1200.0,10800.0
2025-05-22,32504.38360613656,33429.723129560916,925.339523424358,1704.2651252341989,35133.98825479511,525.2846105795575,52847.184938305894,54208.69153297669,1200.0,10800.0
2025-05-23,13110.313562426112,14153.909085460691,1043.595523034579,1083.853569652265,15237.762655112956,248.22920383333144,26358.406741666666,27100.020975,1200.0,10778.84888888889
2025-05-24,13613.553813269746,13490.174707120288,-123.37910614945758,1564.2342838634986,15054.408990983786,372.47923133333387,26765.74158933333,26457.951674999997,1200.0,10783.75950925926
2025-05-25,32626.349164154657,33322.93180556716,696.582641412504,1898.4807527594792,35221.41255832664,443.49170283230706,54239.35905123457,54350.40569290124,1200.0,10800.0
2025-05-26,31606.28966177778,38087.04505174533,6480.755389967548,1046.0801661947469,39133.125217940076,281.1590910679015,51133.07898796296,58835.257473738675,1200.0,10800.0
2025-05-27,30687.158175201334,33766.06478805163,3078.9066128503,2758.0357660465424,36524.10055409818,697.9020657366241,49468.67452674897,53255.39392858229,1200.0,10800.0
2025-05-28,33585.89560869959,34716.36991655202,1130.4743078524334,715.0587765810413,35431.428693133064,145.731407337448,56524.906987688606,57468.41500925,1200.0,10800.0
2025-05-29,33888.14568294047,36471.023956212535,2582.8782732720647,2452.887330353491,38923.91128656603,623.391343638894,56065.60951656378,59097.44350051884,1200.0,10800.0
2025-05-30,13189.881145339445,13703.769997879443,513.888852539998,1612.8828604238204,15316.652858303263,386.84606402777837,26252.454649999996,26632.10414722222,1200.0,10800.0
2025-05-31,14721.194264716667,14190.757596175425,-530.4366685412424,561.3060070839394,14752.063603259365,100.18147616667054,28562.669405555553,27433.509721166665,1200.0,10786.574333333332
2025-06-01,48958.22161058287,48148.84562561949,-809.3759849633789,4120.0036858592775,52268.84931147877,1100.385963504118,79509.60427177639,76197.9700344993,1200.0,10800.0
2025-06-02,50235.102672710345,47434.25695660204,-2800.845716108306,3844.840589190387,51279.09754579243,1186.7871049979399,80883.0467294369,71924.52609084362,1200.0,10800.0
2025-06-03,45751.03068597537,46665.17502784595,914.1443418705821,1131.6481142575644,47796.823142103516,211.0564212499994,74229.69418148146,74641.83245428669,1200.0,10800.0
2025-06-04,52847.82085751349,49330.32163949125,-3517.49921802224,487.2851050833358,49817.60674457459,122.44476666666796,85275.03718923182,74713.5708600216,1200.0,10800.0
2025-06-05,45044.39738967143,47524.4550861406,2480.057696469172,1853.0737644334765,49377.528850574075,465.4910153292216,74196.6875906286,75835.33310452194,1200.0,10800.0
2025-06-06,21072.313451311107,21374.973207103587,302.6597557924797,1821.9352534351483,23196.908460538736,703.417199550747,36308.142794444444,36774.81480732374,1200.0,10749.212524691357
2025-06-07,21491.526155810043,22529.876356388788,1038.350200578745,574.6523786041689,23104.528734992957,112.08920000000049,39113.74550809328,40016.95572198216,1200.0,10800.0
2025-06-08,43520.82150670081,44879.55134832098,1358.7298416201666,652.6680259722176,45532.2193742932,144.2077758333319,71295.37065790122,69813.67263554732,1200.0,10800.0
2025-06-09,50014.69214539734,48345.75737252384,-1668.934772873501,1623.4820963984234,49969.239468922264,528.6435992222165,80211.44937449999,75396.20119122427,1200.0,10800.0
2025-06-10,45069.22481612783,47519.51093394146,2450.28611781363,2619.251565847985,50138.762499789445,954.6036995884765,73444.80432424552,75643.01302836076,1200.0,10800.0
2025-06-11,50146.27957861117,52578.00583015372,2431.7262515425537,267.9469134249929,52845.95274357872,40.7737966666656,79774.66972846982,81849.02305930624,1200.0,10788.531759259258
2025-06-12,48104.087164944285,48113.46122476044,9.374059816153022,968.0996843257577,49081.5609090862,267.1490288086408,77332.64541805418,77152.5311355511,1200.0,10800.0
2025-06-13,19428.995838446943,20287.364840964023,858.3690025170799,1060.0295414221823,21347.394382386206,343.92583316667015,34177.855775,35287.00433333333,1200.0,10800.0
2025-06-14,19725.339096281943,19569.960053749026,-155.37904253291708,3582.1469190627477,23152.106972811773,1150.271214111102,34597.532425,33998.256583333336,1200.0,10800.0
2025-06-15,43957.46505443995,47884.5535978382,3927.088543398255,289.55246198192793,48174.10605982013,66.91220916666241,70964.73175730451,75839.13149284362,1200.0,10800.0
2025-06-16,46201.1170167088,48204.66790613919,2003.550889430393,3348.587790038374,51553.25569617756,1026.7444263031553,74848.89141275719,77058.57976721536,1200.0,10800.0
2025-06-17,47394.23726910795,49740.31641826645,2346.079149158497,1334.1587246575555,51074.475142924006,452.1043035133685,76146.04513487653,78822.41998028806,1200.0,10800.0
2025-06-18,46962.5132760829,48126.170858350495,1163.657582267595,557.7048970784448,48683.87575542894,127.15889922222229,76200.82743840877,76844.03623882578,1200.0,10800.0
2025-06-19,44467.46247589464,47218.705376793776,2751.2429008991385,4454.8586915658025,51673.56406835958,1601.6861539053457,72455.85138573387,72638.49023076131,1200.0,10800.0
2025-06-20,18888.44511240805,18593.140945650135,-295.3041667579164,699.8140785905139,19292.955024240648,124.76931716666417,33374.23734444444,32783.41401388889,1200.0,10800.0
2025-06-21,18261.851027679164,18366.835821813336,104.98479413417226,251.24013216607196,18618.07595397941,43.49649811111362,33227.83023611111,33385.839236111104,1200.0,10800.0
2025-06-22,41840.51572502193,44497.010374913836,2656.494649891909,4280.994616736588,48778.00499165042,1491.3784474454758,69143.6212462277,70112.45342379971,1200.0,10800.0
2025-06-23,43925.09496247825,44796.47414211102,871.3791796327714,2792.750093963787,47589.22423607481,726.3961207692084,70806.17101535253,71954.66153594924,1200.0,10800.0
2025-06-24,51570.17314447097,51315.709208232736,-254.46393623823678,819.3287904236157,52135.03799865635,181.98915833333334,82720.64014197531,80945.05095799039,1200.0,10800.0
2025-06-25,44128.39477748444,47605.334594513755,3476.9398170293134,455.1342079564647,48060.46880247022,74.79089841666547,72660.4915462963,75749.52571251715,1200.0,10800.0
2025-06-26,43267.98844146603,46014.17521607709,2746.1867746110656,563.5849223924412,46577.76013846953,104.23247225000301,69647.62488758573,73135.2663770576,1200.0,10800.0
2025-06-27,18795.482223613333,18180.417339453335,-615.0648841599977,1954.615881599868,20135.033221053203,411.8134326666633,33578.42959722222,32172.44293888889,1200.0,10800.0
2025-06-28,18185.859209048336,18347.262986694303,161.40377764596633,360.7742425267285,18708.03722922103,111.51339883333377,32799.13095277778,32771.623213271596,1200.0,10800.0
2025-06-29,41454.87021942584,46014.76313937143,4559.892919945596,3025.443008327035,49040.20614769847,1080.7702413497914,68121.60394999999,72529.23883762003,1200.0,10800.0
2025-06-30,44988.75856055867,45383.71553544543,394.95697488675796,890.4193280704407,46274.13486351587,271.4238404986331,73692.84564409361,73895.18997876439,1200.0,10800.0
2025-07-01,49813.1753573074,53186.303191589075,3373.127834281673,2226.5067841223145,55412.80997571139,593.7193064125464,79821.60565339506,83401.18048657407,1200.0,10800.0
2025-07-02,47496.559510325154,47747.18518857626,250.62567825110455,2778.669348218163,50525.854536794424,1083.9174988525338,75342.04432829218,75692.53229790294,1200.0,10792.145169753087
2025-07-03,53031.6814482435,54367.33087350452,1335.649425261021,1087.2035793290745,55454.5344528336,346.8481226001377,84377.92135836762,85636.24563735047,1200.0,10780.07008
2025-07-04,24041.46222326222,24278.563113808847,237.10089054662603,1331.4090689025686,25609.972182711415,307.33999266666905,41347.43505833333,41539.7423275,1200.0,10800.0
2025-07-05,24365.22229813889,24503.52031479391,138.29801665501873,1655.904692707327,26159.42500750124,386.1730526666623,41817.791241666666,41917.30589380555,1200.0,10800.0
2025-07-06,49388.62798448921,57039.3763908018,7650.7484063125885,363.004266831736,57402.380657633534,73.76449208333372,77901.9893989026,86240.55227237276,1200.0,10800.0
2025-07-07,49403.11556207686,49392.22218748202,-10.893374594845227,2458.38365350243,51850.60584098445,923.7336756364873,78921.92999485595,77753.57731932407,1200.0,10799.582265432098
2025-07-08,51806.66232309111,52099.2157780146,292.5534549234944,329.13299947196055,52428.348777486564,125.92433757990108,82429.8426283971,80243.16953034978,1200.0,10800.0
2025-07-09,51102.70107014575,50658.32511035682,-444.3759597889293,1379.531882112155,52037.85699246897,358.5052133425936,82183.93045089162,79202.13918960767,1200.0,10800.0
2025-07-10,47423.12556961537,48696.98663373735,1273.8610641219857,2482.3704667529973,51179.35710049035,822.2665021947939,74690.29489717181,76097.79076620472,1200.0,10800.0
2025-07-11,25036.66590702222,24529.37511696736,-507.2907900548598,1765.2135428391823,26294.58865980654,373.4368843333357,42661.938802777775,41567.452325,1200.0,10800.0
2025-07-12,23889.579775777773,25743.623154552773,1854.0433787750007,1164.7722666542122,26908.395421206988,262.2177781666702,41175.21896388888,42982.34176666666,1200.0,10800.0
2025-07-13,51253.00781316958,48761.76458472391,-2491.2432284456663,3622.645395259598,52384.40997998351,894.1381075154314,79897.84429238681,73119.70341944444,1200.0,10800.0
2025-07-14,47999.005427270764,49182.949123135324,1183.9436958645601,1684.5446471660516,50867.49377030138,591.3879016460942,76863.52180226336,75596.4077920096,1200.0,10800.0
2025-07-15,48938.9445737651,47847.98632730035,-1090.9582464647465,7605.212574548546,55453.1989018489,2370.011254286691,78542.48136975308,74111.22290991082,1200.0,10800.0
2025-07-16,48663.31880164512,48707.60248246472,44.283680819600704,1512.7296613314275,50220.33214379614,490.6901532908029,76462.57977458848,75714.49437246227,1200.0,10796.402043209877
2025-07-17,46234.61706116462,49101.916513002165,2867.2994518375417,3029.789793097846,52131.70630610001,925.6703307616574,73744.17677623456,76131.77217311384,1200.0,10800.0
2025-07-18,24567.05715343963,23874.74628348648,-692.3108699531513,2896.820776601913,26771.56706008839,644.1341796111108,41827.948452469136,39941.37040277777,1200.0,10800.0
2025-07-19,25724.560229687777,25320.560993297644,-403.99923639013286,858.1508738533281,26178.71186715097,232.61714333333214,42924.852613888885,41714.006772222216,1200.0,10800.0
2025-07-20,48638.06303305227,49033.625071651026,395.56203859875677,751.684991057613,49785.31006270864,147.57302033333343,78734.28049746227,76841.10675545267,1200.0,10800.0
2025-07-21,49394.51259460914,50240.4137299559,845.9011353467577,1033.2378131592825,51273.651543115186,253.72422816666685,78988.01496104253,78392.3543053498,1200.0,10800.0
2025-07-22,47671.89055068574,50734.81885078517,3062.9283000994255,1645.7926164998962,52380.61146728506,400.7391844444459,75842.87411539779,79888.5569138083,1200.0,10800.0
2025-07-23,54494.00270586947,51555.35913528375,-2938.643570585722,4775.750323020111,56331.10945830386,1840.9316866515783,86251.99456798422,76699.35486340876,1200.0,10800.0
2025-07-24,53514.30134807074,51224.58004211271,-2289.7213059580245,1304.413898136388,52528.9939402491,276.6155110672138,85012.51666536351,77888.88788168723,1200.0,10800.0
2025-07-25,23164.19638684722,23260.60225914306,96.4058722958398,1710.9768234354394,24971.579082578497,426.68037713888975,39743.85160277777,39627.694291611115,1200.0,10800.0
2025-07-26,22959.985806602217,23517.080930515138,557.0951239129208,1772.6481967999898,25289.729127315128,402.08021666666525,39827.934983333325,40178.34722499999,1200.0,10800.0
2025-07-27,47655.17344235432,49964.99198481867,2309.8185424643525,2981.098425796048,52946.09041061472,738.4160821214,76914.28425082304,77445.55420246912,1200.0,10800.0
2025-07-28,49715.270243378734,51181.74313142529,1466.4728880465555,3865.5874531843674,55047.330584609655,970.3934042983537,80069.01061203703,81219.55477482852,1200.0,10800.0
2025-07-29,48020.04762494126,53450.35426230399,5430.30663736273,1295.7386632013872,54746.09292550538,310.323075,76621.72862952674,82806.34062763443,1200.0,10800.0
2025-07-30,44139.697800713744,53259.95355864946,9120.255757935716,1757.1155706930545,55017.06912934251,401.47348333333343,69953.22744657064,80147.99710390945,1200.0,10800.0
2025-07-31,45893.87687460672,50590.14845860477,4696.271583998052,3663.487483908728,54253.6359425135,1013.275599247941,73202.06314701645,78403.2310718107,1200.0,10800.0
2025-08-01,23619.456522467503,23144.277370639167,-475.1791518283353,1648.0637803602965,24792.341150999462,406.3415451111091,40148.10068888889,39076.68397777778,1200.0,10800.0
2025-08-02,23353.56712396444,23061.969483429304,-291.5976405351357,1345.6513808102463,24407.62086423955,327.3291518333324,39735.96905833333,39009.288616666665,1200.0,10800.0
2025-08-03,41817.577734301296,41878.012828902545,60.43509460124915,5253.05157647852,47131.06440538107,1572.5856048724238,64774.68245987654,64820.8609515432,1200.0,10800.0
2025-08-04,44645.425805508,44999.81386080642,354.3880552984192,5288.862809370299,50288.67667017672,1458.8342613275088,69388.74212270233,69008.54025775033,1200.0,10800.0
2025-08-05,42308.51622004293,43964.58942739075,1656.0732073478139,1833.1621463096544,45797.7515737004,510.85410377228646,66123.24703364198,68482.3561935528,1200.0,10800.0
2025-08-06,47689.19248058167,46881.564211432305,-807.6282691493616,1716.5344246070845,48598.09863603939,455.8306477709157,73726.63693998627,71808.38053600823,1200.0,10800.0
2025-08-07,46922.56798568363,46201.01730670131,-721.5506789823194,1519.3243455666725,47720.34165226798,370.94967500000126,76241.9731230535,68806.5838632716,1200.0,10800.0
2025-08-08,22141.93791866028,22161.239988270692,19.302069610414037,1553.583013052309,23714.823001323002,346.27600336110913,38485.287683333336,38425.570674999995,1200.0,10800.0
2025-08-09,22433.491839264167,22465.948228018344,32.45638875417717,1808.726501967554,24274.674729985898,433.04370133333316,38808.399574999996,38827.850788833326,1200.0,10791.762882222223
2025-08-10,44581.62890372573,43792.11658887862,-789.5123148471102,4311.785476672512,48103.902065551134,1579.31262506243,69585.86778432784,67320.767660631,1200.0,10800.0
2025-08-11,42629.09406967298,45023.17077659514,2394.076706922162,1645.4156998402304,46668.586476435376,372.48058772222373,67962.5693797668,70243.73168943758,1200.0,10800.0
2025-08-12,46618.846553789386,46957.45233774261,338.60578395322227,1657.241125726382,48614.69346346899,410.2091083333328,74442.91622640603,72158.32620905348,1200.0,10800.0
2025-08-13,42139.303199040485,44807.26472506705,2667.9615260265637,2529.605637097312,47336.87036216436,651.108780704732,66828.87721604937,69972.86229098079,1200.0,10800.0
2025-08-14,43983.670960435746,46808.570205393655,2824.899244957909,1429.8555519443926,48238.425757338046,328.82497814643443,68084.06881117969,71554.81280567111,1200.0,10758.2360625
2025-08-15,23200.96242206861,22794.459311979444,-406.5031100891647,2387.337398128505,25181.79671010795,570.2417351111113,39743.28270833333,38711.78492777777,1200.0,10800.0
2025-08-16,24561.131922535278,23685.068690334447,-876.0632322008314,1959.0916873791557,25644.160377713604,504.86230833333207,41021.03912222222,38694.44615,1200.0,10800.0
2025-08-17,44652.04162807759,44889.637076186045,237.59544810845546,1542.247594699617,46431.884670885665,338.07086016666824,71308.40628919753,68753.9765355967,1200.0,10800.0
2025-08-18,44197.57125928621,44059.309562081624,-138.2616972045871,2106.135239648773,46165.444801730395,563.9526670014677,69152.01163467078,68771.10788570085,1200.0,10800.0
2025-08-19,43211.78963169923,43663.59293912188,451.80330742265505,2085.6949612487706,45749.287900370655,526.0914332846316,67645.45752307956,68307.553736893,1200.0,10800.0
2025-08-20,47404.460067865584,47840.047774941435,435.58770707585063,3547.643118071165,51387.6908930126,1036.5944259598728,76311.69012037037,73826.78815421811,1200.0,10800.0
2025-08-21,45243.215383825824,44769.684933027536,-473.53045079828735,2336.8180416258756,47106.50297465341,631.996489093279,72195.00289537036,69329.50539811522,1200.0,10800.0
2025-08-22,23598.393074848333,23355.666174522776,-242.72690032555693,3183.430661367249,26539.096835890025,736.1791998333329,40037.92281388889,39345.99795,1200.0,10800.0
2025-08-23,22065.100937362495,23315.38948018458,1250.288542822087,1518.56712223667,24833.95660242125,349.77647866666746,38626.47667777777,39487.218049999996,1200.0,10800.0
2025-08-24,43893.527096712474,45112.07803334085,1218.5509366283732,1485.7406625104222,46597.81869585127,372.23406268861356,67970.42167836076,69305.03543360767,1200.0,10800.0
2025-08-25,56238.02086482753,51436.08854988108,-4801.932314946447,3783.902433638861,55219.99098351994,1068.297165260622,89468.48998998628,74033.6144510974,1200.0,10800.0
2025-08-26,44202.78253851064,45157.21010934138,954.4275708307396,2861.584748480742,48018.794857822126,765.8437402606324,68059.76493275035,69425.82310120027,1200.0,10800.0
2025-08-27,44007.104698763884,47952.90589261529,3945.801193851403,2002.80089486424,49955.706787479525,458.3917109999978,69088.31083333332,73505.14145705145,1200.0,10800.0
2025-08-28,43338.21918596734,48784.07694327707,5445.857757309728,3344.71445462697,52128.79139790404,1107.630379958846,69005.702246262,74670.64131430042,1200.0,10800.0
2025-08-29,23911.44928542389,23589.44785009722,-322.001435326667,1274.295390056698,24863.74324015392,297.10561894444504,40625.05690555555,39900.98527222222,1200.0,10800.0
2025-08-30,23846.7348450929,23575.335499766494,-271.3993453264047,1371.9673429713937,24947.30284273789,321.8979105946504,40518.504434362134,39817.25272757201,1200.0,10800.0
2025-08-31,43640.20285818947,45808.578577056185,2168.375718866715,3541.404614794377,49349.98319185056,996.3879752777774,67459.64173775719,70481.65488449279,1200.0,10800.0
2025-09-01,39098.70599042898,38066.273992518036,-1032.4319979109423,1263.712695189452,39329.98668770749,303.5592578399995,65319.219129012345,59366.053961,1200.0,10800.0
2025-09-02,34575.305253295664,37139.61643040599,2564.3111771103286,2524.141741016755,39663.75817142275,573.2715716543214,56262.30988940328,59229.06857098765,1200.0,10800.0
2025-09-03,37448.4546602076,37853.10049545727,404.6458352496702,2302.5221019109463,40155.622597368216,670.9639701666688,60849.9925786351,59783.13378247599,1200.0,10800.0
2025-09-04,36802.93011941248,36621.547232502075,-181.3828869104036,2152.978862004153,38774.526094506225,613.3785473082992,58430.776996742105,57514.43445784259,1200.0,10800.0
2025-09-05,16734.585748941943,16479.939313643892,-254.64643529805107,2594.4422978093344,19074.381611453227,583.1559556666668,30582.34648333333,29804.92988888889,1200.0,10800.0
2025-09-06,16523.947137199444,16502.586200460137,-21.360936739307363,1792.2210854631292,18294.807285923267,415.47493672222026,30637.070149999996,30373.326902777775,1200.0,10800.0
2025-09-07,34768.53853376342,38208.903884581894,3440.3653508184725,906.8271917663435,39115.73107634824,230.99561842318337,55552.36506611797,59399.31114667352,1200.0,10800.0
2025-09-08,39400.61008904183,40881.42096686557,1480.8108778237365,915.3529471016434,41796.77391396721,217.0868895000015,64648.32058707133,64339.7186036502,1200.0,10800.0
2025-09-09,35208.433553721494,37001.891471355615,1793.4579176341213,3003.0277409649298,40004.91921232054,929.8984884430713,56147.88096207133,57717.70558172154,1200.0,10800.0
2025-09-10,40091.81944368231,41396.70806363496,1304.888619952646,2691.8380039821345,44088.54606761709,689.0393654938277,66474.57816604938,65090.295868518515,1200.0,10800.0
2025-09-11,40114.84926661557,38585.29107101154,-1529.5581956040332,1506.316631733567,40091.6077027451,433.44438933334015,64938.91477695472,59536.68668333332,1200.0,10800.0
2025-09-12,17097.12727142472,17189.059185299306,91.931913874585,1097.273325702498,18286.332511001805,277.3932239999992,31553.52158333333,31618.80515,1200.0,10800.0
2025-09-13,16783.876337578884,16954.654707314698,170.7783697358136,1808.5691855645214,18763.223892879218,420.35804897222283,31057.53665833333,31200.43755136111,1200.0,10800.0
2025-09-14,43529.125366748915,42217.74032363055,-1311.3850431183673,387.80180665278397,42605.542130283335,86.86879958333427,70428.52844272976,65547.61040919751,1200.0,10800.0
2025-09-15,36417.230608820486,37353.26774372536,936.0371349048728,3643.346007167845,40996.6137508932,1058.3673223597439,58363.11281687241,59255.51264056927,1200.0,10800.0
2025-09-16,43151.75649902524,41643.25630979154,-1508.5001892337023,1056.0417687204806,42699.29807851202,235.21287161111263,70763.9729978395,64950.3766659465,1200.0,10800.0
2025-09-17,40797.21009846589,40399.85060511078,-397.3594933551067,1957.5173142285314,42357.36791933932,704.6971412510284,65673.55991718106,63344.213649108366,1200.0,10800.0
2025-09-18,37161.291462151465,41842.56749650943,4681.276034357965,392.8254822158789,42235.39297872531,84.34664739917895,59035.23380144033,64964.995967195464,1200.0,10800.0
2025-09-19,17539.266764798333,17615.457679380692,76.19091458235926,949.92115283836,18565.378832219052,217.99990655555456,32019.594733333335,31850.24411666667,1200.0,10800.0
2025-09-20,17683.301843265555,17622.451857217777,-60.84998604777866,2006.179560086022,19628.631417303797,463.5886026111109,32211.52025833333,31772.48654166666,1200.0,10800.0
2025-09-21,40327.967189150164,40126.996225244,-200.97096390616207,108.72101911111133,40235.71724435511,21.154227777777823,65430.86567112482,64127.24373734568,1200.0,10800.0
2025-09-22,43612.26929321418,41512.77906321774,-2099.490229996438,4093.350859696303,45606.12992291404,1542.9388744506161,70155.77593425926,63498.76492037037,1200.0,10800.0
2025-09-23,42660.65809250894,41980.79097501891,-679.8671174900301,875.1796529542125,42855.97062797312,241.68907427057403,68433.17451076818,66238.25447685184,1200.0,10800.0
2025-09-24,37692.94988948055,41049.76528323075,3356.8153937501993,2260.9224833037133,43310.687766534465,759.7142948333304,60384.95196666666,64420.920199555556,1200.0,10800.0
2025-09-25,40024.254917605,42765.77008829593,2741.515170690931,452.59453465555566,43218.364622951485,90.23153888888892,64489.57668333333,67197.06930174897,1200.0,10800.0
2025-09-26,17635.27530020722,17205.695459378745,-429.5798408284754,1877.4584570361103,19083.153916414856,422.0736083333332,32296.11740833333,31302.641875,1200.0,10800.0
2025-09-27,18011.136576102777,18523.280063306527,512.1434872037498,1123.7122082152794,19646.992271521805,249.01652777777815,32885.273616666665,33293.624272222216,1200.0,10800.0
2025-09-28,39815.50861454518,43502.6107957555,3687.102181210321,1722.3744406723008,45224.9852364278,445.7087656738659,64679.103120061714,68986.54280626234,1200.0,10800.0
2025-09-29,43173.64000446456,41807.955860487986,-1365.6841439765776,7411.523849315269,49219.47970980326,2482.3275499999977,69098.56568621399,64662.13880771604,1200.0,10800.0
2025-09-30,42287.42740201308,44660.71048684178,2373.2830848286976,2809.5513170211775,47470.26180386296,948.5280468333364,67374.32281512345,69761.231575,1200.0,10800.0
2025-10-01,36072.638987819155,35512.23160584664,-560.4073819725163,651.735782869946,36163.967388716585,130.23209088888922,59977.25775870062,57444.526402424905,1200.0,10800.0
2025-10-02,40584.04344427048,37619.04045025191,-2965.0029940185705,1752.3510097583348,39371.39146001024,366.109191666667,67218.3634850823,57582.071541666664,1200.0,10800.0
2025-10-03,14197.31488779833,14617.098533468748,419.783645670419,1440.5486947083334,16057.647228177082,312.8141416666665,28306.14968333333,28630.58033055555,1200.0,10800.0
2025-10-04,15615.367644425833,15429.06707652833,-186.30056789750233,1570.7825788125049,16999.849655340837,328.02133333333427,30542.586302777778,30125.35495833333,1200.0,10800.0
2025-10-05,40053.56444592784,38165.12170261041,-1888.4427433174278,725.9373064027783,38891.05900901319,144.92189166666677,66756.5475042181,59208.480621707815,1200.0,10800.0
2025-10-06,35286.178751679225,37453.1010941579,2166.922342478676,4492.983584927026,41946.084679084925,1471.0489413148134,57643.44096903292,60385.72918477367,1200.0,10800.0
2025-10-07,36071.374489701666,38774.04855232898,2702.6740626273167,1167.221951271492,39941.27050360048,238.127522749998,60152.27506666667,62564.821059465015,1200.0,10800.0
2025-10-08,35440.01754133194,36333.872841994664,893.8553006627262,3859.147202486485,40193.02004448115,1125.1271205603582,58336.174883333326,59415.48168794444,1200.0,10800.0
2025-10-09,41712.56632731307,38828.07913286322,-2884.487194449852,4412.823981595825,43240.90311445904,1189.884308333331,68514.34949434156,58741.59854701645,1200.0,10800.0
2025-10-10,16006.463940303609,15730.232273098889,-276.23166720472,1980.549524658331,17710.78179775722,437.63355833333264,30918.234247222223,30270.86844166667,1200.0,10800.0
2025-10-11,15791.688384736663,15718.614840298193,-73.07354443846998,1397.9719607185825,17116.586801016776,315.33475327777757,30591.405083333328,30419.918941666663,1200.0,10800.0
2025-10-12,37558.16251585388,37762.61629261638,204.45377676250064,4574.30719013595,42336.92348275233,1096.180190946499,62253.758416666664,61826.559124999985,1200.0,10800.0
2025-10-13,38962.11323991846,38437.43792409414,-524.6753158243155,5711.872464485967,44149.31038858011,1756.0952489873146,64293.92846769548,59729.689269684495,1200.0,10800.0
2025-10-14,41150.1097286883,40787.06390625456,-363.0458224337417,5384.095471358217,46171.15937761278,1641.4363996666643,67758.89531820986,63688.760218106996,1200.0,10800.0
2025-10-15,42616.60750809919,40869.35385736738,-1747.2536507318073,5927.095488494919,46796.4493458623,1956.9709082990444,70043.19937393689,64295.91266978737,1200.0,10800.0
2025-10-16,40836.79959961084,41695.434507506216,858.634907895379,2421.68438035138,44117.11888785759,534.7849638888868,66605.56546244855,66889.18034115226,1200.0,10800.0
2025-10-17,14952.190763200553,16255.18947653139,1302.9987133308368,1993.5527955784391,18248.74227210983,439.5027123333323,29478.15651944444,30510.468241666666,1200.0,10800.0
2025-10-18,16525.96926376583,16314.894538397497,-211.07472536833302,2465.962410905562,18780.85694930306,560.9085083333348,31470.280147222216,30617.252105555555,1200.0,10800.0
2025-10-19,42208.26442607975,41581.313069180134,-626.951356899619,4952.992423309288,46534.305492489424,1520.3486779835325,68493.14043179012,66617.41329804526,1200.0,10800.0
2025-10-20,44893.50568165639,43512.60797994075,-1380.8977017156358,2955.562015792849,46468.1699957336,712.2994463991764,72618.46124451303,68869.94229732509,1200.0,10800.0
2025-10-21,43490.26465966305,43720.51493381715,230.25027415409568,3192.5796218982136,46913.09455571536,723.227155999998,71352.04248333332,70525.07247112482,1200.0,10800.0
2025-10-22,42207.41916781626,43147.98554718219,940.566379365926,2254.7154744433956,45402.70102162558,516.2246276958156,68325.45170219478,69496.36842825788,1200.0,10800.0
2025-10-23,48289.759449599165,44715.98315669941,-3573.7762928997545,5887.612493193197,50603.59564989261,1773.9668720833345,78639.20158333333,65920.29499475309,1200.0,10800.0
2025-10-24,16624.239178750217,16800.242854004384,176.00367525416732,2013.5436607186703,18813.786514723055,490.60071077777866,31852.770578463646,31996.77522846365,1200.0,10800.0
2025-10-25,16402.209504656388,16498.605579417635,96.39607476124729,2523.4330139041676,19022.038593321802,723.4569583333334,31484.99810555555,31516.984791666666,1200.0,10800.0
2025-10-26,44720.723003372186,43235.37320763612,-1485.3497957360669,5660.700826114902,48896.07403375102,1874.9450002119354,72990.91913168723,66863.23555925925,1200.0,10800.0
2025-10-27,41125.70393667225,44016.019477545015,2890.3155408727616,886.3673147444447,44902.38679228946,181.05075000000008,66584.84201275719,69633.84360236625,1200.0,10800.0
2025-10-28,40941.0171880555,44011.158492950664,3070.1413048951654,3165.1593962105353,47176.3178891612,1062.2369443154982,66333.15491090534,69729.74789334706,1200.0,10800.0
2025-10-29,46116.54427838071,46418.44657914092,301.90230076020816,1009.3158518583332,47427.76243099925,205.44655833333331,75012.70312038306,74475.49883651371,1200.0,10800.0
2025-10-30,40293.970802814874,42493.05101362925,2199.080210814376,5068.783947491203,47561.834961120454,1820.0763303185834,65162.52864156378,67186.87052813201,1200.0,10800.0
2025-10-31,17578.719538464586,17290.562511207085,-288.1570272575009,2115.5340046361152,19406.0965158432,513.5600833333344,33141.64162510288,32423.343000102876,1200.0,10800.0
2025-11-01,16815.994015235112,17352.560784659694,536.5667694245822,2156.223368674999,19508.784153334695,595.9152188168762,32341.55861615226,33116.77684115226,1200.0,10800.0
2025-11-02,44770.29251433186,46699.20907920621,1928.916564874351,1650.1578959805647,48349.36697518677,367.8242311666688,72098.52049989712,73702.20128265843,1200.0,10800.0
2025-11-03,47234.49409560749,46027.17296113109,-1207.3211344764059,4240.273236160183,50267.44619729127,1109.8145212962957,77069.34877775,73296.72717935528,1200.0,10800.0
2025-11-04,43724.08296519543,45195.30088132116,1471.2179161257372,1439.9561217209878,46635.25700304215,321.80454423868326,70800.339413786,72316.54968333332,1200.0,10800.0
2025-11-05,49143.68670621565,47126.477174581814,-2017.2095316338382,3708.7709560773956,50835.24813065921,1032.59253280452,79528.49212616598,73412.5226845823,1200.0,10800.0
2025-11-06,45805.74450923976,47615.58147755421,1809.8369683144483,2503.148118342574,50118.72959589678,574.2486090833311,74474.00914979423,75975.87264187241,1200.0,10800.0
2025-11-07,17224.74925880796,17625.18312853518,400.43386972722146,1125.511987580527,18750.69511611571,256.1837928333331,33375.03106502057,33692.1510863539,1200.0,10800.0
2025-11-08,17243.630012814352,18359.640258576022,1116.0102457616704,732.5312265174703,19092.17148509349,151.0179434999996,33166.1983669753,34593.773841975315,1200.0,10800.0
2025-11-09,47430.96483459268,47484.9954422924,54.03060769971489,882.6935853550708,48367.689027647466,182.98766786111145,76575.0650789362,75931.12473145884,1200.0,10800.0
2025-11-10,48483.06994226387,50683.838811357185,2200.7688690933137,582.1036000616933,51265.94241141888,119.1953850555553,77885.28557457887,79766.9877388052,1200.0,10800.0
2025-11-11,49825.679580820084,48484.58965738004,-1341.0899234400422,1478.9144235606,49963.50408094064,329.7229745000039,79643.66533975,76014.91380599073,1200.0,10800.0
2025-11-12,46838.86168024263,48683.03553177908,1844.1738515364486,1888.7033616256242,50571.738893404705,456.50166882716223,75688.87331524999,76403.68900948868,1200.0,10800.0
2025-11-13,46013.80855989484,48193.64813371542,2179.83957382058,3249.516716470049,51443.164850185465,940.7962264403251,73898.07021584362,76064.44010713305,1200.0,10800.0
2025-11-14,17699.27430752713,19437.500026792542,1738.2257192654142,1883.8427729555583,21321.3427997481,473.42795833333423,33555.90435123456,35790.75927623456,1200.0,10800.0
2025-11-15,18791.69270373423,18534.91131525367,-256.78138848055823,825.7267576625015,19360.638072916172,179.46818333333366,35917.73776965021,35076.98729187243,1200.0,10800.0
2025-11-16,47881.892941138125,50730.62990316872,2848.736962030598,779.7686820263893,51510.398585195115,170.56300000000013,76980.6503972908,79435.92284401164,1200.0,10800.0
2025-11-17,45128.43337723737,50646.54350533802,5518.110128100649,572.6012316389414,51219.14473697696,122.79281961111039,72613.29411563784,78327.31999365328,1200.0,10800.0
2025-11-18,47926.21315557207,49311.84217673619,1385.6290211641171,3167.3761771363597,52479.218353872544,986.737928789093,77301.62981981994,78521.65031532921,1200.0,10800.0
2025-11-19,47634.80469411515,52865.02761046327,5230.222916348124,548.4746413552516,53413.50225181852,118.5278393611115,76825.91693208333,81658.68150140603,1200.0,10800.0
2025-11-20,47364.08663605783,50512.37474867178,3148.2881126139473,799.9775471049616,51312.35229577674,211.4531206882716,76356.25281166665,79277.11850856995,1200.0,10800.0
2025-11-21,18077.62878103907,18502.85166546882,425.2228844297497,471.79478017003316,18974.646445638853,102.14214816666808,34575.48846779835,34945.036251131685,1200.0,10800.0
2025-11-22,19403.57888451913,19305.32126145024,-98.2576230688901,877.3884830472225,20182.709744497464,208.8748666666677,37312.4320882716,36832.165307716044,1200.0,10800.0
2025-11-23,47684.803207865036,51191.40858294689,3506.6053750818537,486.8613357957757,51678.26991874266,106.29661256413144,76673.66906090535,79773.90274935904,1200.0,10800.0
2025-11-24,47212.23865216489,49319.049454007945,2106.8108018430576,2361.1263347900267,51680.17578879797,729.5682766440339,75901.54649639917,77968.41221872566,1200.0,10800.0
2025-11-25,54718.29403051416,52708.70639609428,-2009.5876344198768,440.74718744988996,53149.45358354417,95.80369400000023,86880.09035,81045.22169937723,1200.0,10800.0
2025-11-26,51146.8338264178,52703.481626649125,1556.6478002313233,637.3319183041672,53340.81354495329,142.13661666666678,81987.65115727023,82696.79614979423,1200.0,10800.0
2025-11-27,49289.63090537888,51730.97064398928,2441.3397386104043,1365.5416780620842,53096.51232205137,348.40455039848837,79007.1569190919,81184.05687568587,1200.0,10800.0
2025-11-28,18738.617572629028,18831.085002885775,92.46743025674732,637.2141009711527,19468.299103856927,149.15319316666972,35521.97705387516,35601.03752554183,1200.0,10800.0
2025-11-29,22398.16232079224,21496.55892316143,-901.6033976308099,217.07657489560273,21713.635498057032,45.7286514746248,43723.09828597393,39724.38121783265,1200.0,10800.0
2025-11-30,51683.15324256566,54716.85194366064,3033.6987010949742,233.5436431161026,54950.395586776736,51.02193861110885,82733.06338312756,85264.23980288065,1200.0,10800.0
2025-12-01,59722.98595644939,58511.432764795645,-1211.5531916537439,3118.76874750703,61630.20151230267,710.3397196111117,93627.2397244856,90469.96458333335,1200.0,10800.0
2025-12-02,61820.81671810297,60940.7546109894,-880.0621071135683,496.691662301052,61437.44627329046,112.95270191666586,96960.93301584362,94004.74282764437,1200.0,10800.0
2025-12-03,54163.92121889534,60981.525181250014,6817.603962354675,158.18521163316967,61139.710392883186,33.968232666667305,86286.5473339849,92870.14322321398,1200.0,10800.0
2025-12-04,60572.77596679666,60148.704241955886,-424.07172484077455,1661.7597211074963,61810.46396306338,358.4017951214015,94634.67931666666,91587.44958641974,1200.0,10800.0
2025-12-05,23505.338289439154,24573.652601084974,1068.3143116458195,139.56211922572288,24713.214720310698,30.240622333333466,45707.8696776406,46457.99680970507,1200.0,10800.0
2025-12-06,25295.971756354935,25390.52502229293,94.55326593799691,347.4531756852885,25737.97819797822,102.56804245541849,48915.806369855956,48527.81202167352,1200.0,10800.0
2025-12-07,61802.71356297083,60190.28433575365,-1612.4292272171806,2253.5142117522364,62443.79854750588,777.1269894166637,96755.26288333333,91967.10398168003,1200.0,10800.0
2025-12-08,60885.857659742396,60640.694784659754,-245.16287508264213,597.8803422237227,61238.57512688348,142.78791855555565,95600.84177685186,94300.79507359327,1200.0,10800.0
2025-12-09,60753.102170032624,60024.89840768881,-728.2037623438155,1428.6194401867272,61453.51784787553,340.05582375000114,95004.01311244855,92320.56880224278,1200.0,10800.0
2025-12-10,57511.08159875055,59802.44421325605,2291.3626145055023,896.9030767433876,60699.34728999944,207.9372763055582,90857.81805,93182.57871228087,1200.0,10800.0
2025-12-11,59495.04108353494,58629.07133123244,-865.9697523025025,1070.3961840342588,59699.4675152667,257.7227016666686,93597.33479670782,91149.36596122221,1200.0,10800.0
2025-12-12,24101.40027025379,26378.399085229532,2276.998814975741,143.46645470866676,26521.865539938197,31.95485133333335,47043.63773487654,49725.43135997942,1200.0,10800.0
2025-12-13,24811.887396252503,25294.78281737863,482.89542112612617,988.9305953357361,26283.713412714365,353.26220048765606,48199.65318333333,47844.492066062754,1200.0,10800.0
2025-12-14,56900.203798219714,61341.81952644892,4441.615728229204,1512.0140655197215,62853.83359196864,331.2977927530875,89841.13078333333,94067.13514187241,1200.0,10800.0
2025-12-15,56521.31151204564,61896.53306057143,5375.221548525791,250.23510057083257,62146.76816114227,56.276478666666634,89555.40533168723,94636.4476617284,1200.0,10800.0
2025-12-16,60790.711604149896,60591.28099473508,-199.43060941481235,808.2614106434961,61399.54240537858,271.6172218004094,94925.81102397118,94258.21251944444,1200.0,10800.0
2025-12-17,60778.67216946806,59726.36235292224,-1052.3098165458214,1588.7927135033885,61315.15506642563,453.4569779547377,95429.29228333334,92475.75668933331,1200.0,10800.0
2025-12-18,57849.17238923851,59591.00169347062,1741.8293042321093,385.19137288209674,59976.19306635272,88.13162116666318,90883.21492510287,92444.07906862139,1200.0,10800.0
2025-12-19,23305.936920623408,25108.561639440937,1802.6247188175294,1521.3157098617792,26629.877349302715,513.1433992002715,44597.68001114541,47067.21035390947,1200.0,10800.0
2025-12-20,24607.780102220637,24317.750378925113,-290.0297232955236,1445.7698763164544,25763.52025524157,409.44430251645946,47404.58249759945,46571.803500068585,1200.0,10800.0
2025-12-21,59628.806848112494,60324.743321670925,695.9364735584313,2496.3110731546494,62821.05439482557,838.8348246193434,93633.2068,93547.92607483128,1200.0,10800.0
2025-12-22,58825.63948399342,60556.626129436736,1730.986645443314,332.5577343335764,60889.18386377031,98.31750163888714,92070.67005380658,93856.01961099589,1200.0,10800.0
2025-12-23,59603.34827361311,58888.76388357291,-714.5843900402033,1660.9833374963878,60549.747221069294,486.6010815781933,93574.38152283951,91533.78874456172,1200.0,10800.0
2025-12-24,59282.13847133955,59486.416367089696,204.27789575014322,1486.119894315733,60972.53626140543,467.68979628394925,92575.96796224278,92731.0217673848,1200.0,10800.0
2025-12-25,56495.49382196518,59458.65421857833,2963.1603966131515,3270.1557620272197,62728.809980605554,908.1979977366275,89073.74421553497,92049.17245349794,1200.0,10800.0
2025-12-26,23147.82561875441,24537.008661977496,1389.1830432230854,1732.1014692755718,26269.110131253066,547.2001691975354,44777.600107201644,46564.42477623456,1200.0,10800.0
2025-12-27,24052.99812923986,24871.076823347008,818.0786941071492,1049.5322192511715,25920.60904259818,406.6102958436208,46472.85512877228,47433.27552191358,1200.0,10800.0
2025-12-28,58116.074854525876,58314.870613172396,198.79575864651997,923.1795583256982,59238.05017149809,210.5059269197554,91379.94566152262,91276.41003703704,1200.0,10800.0
2025-12-29,57070.61284435111,60235.06786547883,3164.4550211277165,177.64965845414042,60412.717523932966,35.77054572222253,90486.92441666666,93509.4465792181,1200.0,10800.0
2025-12-30,57978.74234238993,57964.12080035191,-14.621542038017651,3896.372601849642,61860.49340220155,1089.1323169094644,91415.59383549381,90130.18169598766,1200.0,10800.0
2025-12-31,59558.721159213324,60030.03613483123,471.31497561790457,682.5078501034953,60712.543984934724,179.4572724804517,93670.29261666664,93507.30459597221,1200.0,10800.0
